objectid,parentid,title,scope note,creator,date,description,paratext type,tag,source,gcd id,gcd link,type,format,language,rights,rightsstatement,display_template,object_location,image_small,image_thumb,
cbp_001,,Dedication: Animal Man #8 (February 1989). DC Comics. ,,"Morrison, Grant; Truog, Chas",1989-02,"Dedication to to “John Broome, Gardner Fox, Carmine Infantino and the late, great Barry Allen.”",dedication,,Animal Man #8 (February 1989). DC Comics.,45819,<a href='https://www.comics.org/issue/45819/'>45819</a>,Image;StillImage,image/png,eng,,,compound_object,/objects/cbp_001.png,/objects/small/cbp_001_sm.jpg,/objects/thumbs/cbp_001_th.jpg,
cbp_002,cbp_001,Dedication: Animal Man #8 (February 1989). DC Comics. Full page.,Full page,"Morrison, Grant; Truog, Chas",1989-02,"Dedication to to “John Broome, Gardner Fox, Carmine Infantino and the late, great Barry Allen.” Full page.",dedication,,Animal Man #8 (February 1989). DC Comics.,45819,<a href='https://www.comics.org/issue/45819/'>45819</a>,Image;StillImage,image/png,eng,,,image,/objects/cbp_002.png,/objects/small/cbp_002_sm.jpg,/objects/thumbs/cbp_002_th.jpg,
cbp_003,cbp_001,Dedication: Animal Man #8 (February 1989). DC Comics. Detail.,Detail,"Morrison, Grant; Truog, Chas",1989-02,"Dedication to to “John Broome, Gardner Fox, Carmine Infantino and the late, great Barry Allen.” Detail.",dedication,,Animal Man #8 (February 1989). DC Comics.,45819,<a href='https://www.comics.org/issue/45819/'>45819</a>,Image;StillImage,image/jpeg,eng,,,image,/objects/cbp_003.jpg,/objects/small/cbp_003_sm.jpg,/objects/thumbs/cbp_003_th.jpg,
cbp_004,,Dedication: Sub-Mariner #38 (June 1971). Marvel Comics. ,,"Thomas, Roy; Andru, Ross; Severin, John",1971-06,Dedication to Bill Everett.,dedication,,Sub-Mariner #38 (June 1971). Marvel Comics.,24306,<a href='https://www.comics.org/issue/24306/'>24306</a>,Image;StillImage,image/jpeg,eng,,,compound_object,/objects/cbp_006.jpg,/objects/small/cbp_006_sm.jpg,/objects/thumbs/cbp_006_th.jpg,
cbp_005,cbp_004,Dedication: Sub-Mariner #38 (June 1971). Marvel Comics. Full page.,Full page,"Thomas, Roy; Andru, Ross; Severin, John",1971-06,Dedication to Bill Everett. Full page.,dedication,,Sub-Mariner #38 (June 1971). Marvel Comics.,24306,<a href='https://www.comics.org/issue/24306/'>24306</a>,Image;StillImage,image/jpeg,eng,,,image,/objects/cbp_005.jpg,/objects/small/cbp_005_sm.jpg,/objects/thumbs/cbp_005_th.jpg,
cbp_006,cbp_004,Dedication: Sub-Mariner #38 (June 1971). Marvel Comics. Detail.,Detail,"Thomas, Roy; Andru, Ross; Severin, John",1971-06,Dedication to Bill Everett. Detail.,dedication,,Sub-Mariner #38 (June 1971). Marvel Comics.,24306,<a href='https://www.comics.org/issue/24306/'>24306</a>,Image;StillImage,image/jpeg,eng,,,image,/objects/cbp_006.jpg,/objects/small/cbp_006_sm.jpg,/objects/thumbs/cbp_006_th.jpg,
cbp_007,,"Correspondence: “Mystery Mailbag."" 1963 Book One: Mystery Incorporated (April 1993).Image Comics. ",,"Moore, Alan; Veitch, Rick; Gibbons, Dave",1993-04,Mystery Mailbag. Parodic homage to fan mail from the 1960s. ,correspondence,,"“Mystery Mailbag."" 1963 Book One: Mystery Incorporated (April 1993).Image Comics.",52812,<a href='https://www.comics.org/issue/52812/'>52812</a>,Image;StillImage,image/jpeg,eng,,,compound_object,/objects/cbp_008.jpg,/objects/small/cbp_008_sm.jpg,/objects/thumbs/cbp_008_th.jpg,
cbp_008,cbp_007,"Correspondence: “Mystery Mailbag."" 1963 Book One: Mystery Incorporated (April 1993).Image Comics. ",,"Moore, Alan; Veitch, Rick; Gibbons, Dave",1993-04,Mystery Mailbag. Parodic homage to fan mail from the 1960s. ,correspondence,,"“Mystery Mailbag."" 1963 Book One: Mystery Incorporated (April 1993).Image Comics.",52812,<a href='https://www.comics.org/issue/52812/'>52812</a>,Image;StillImage,image/jpeg,eng,,,image,/objects/cbp_008.jpg,/objects/small/cbp_008_sm.jpg,/objects/thumbs/cbp_008_th.jpg,
cbp_009,cbp_007,"Correspondence: “Mystery Mailbag."" 1963 Book One: Mystery Incorporated (April 1993).Image Comics. ",,"Moore, Alan; Veitch, Rick; Gibbons, Dave",1993-04,Mystery Mailbag. Parodic homage to fan mail from the 1960s. ,correspondence,,"“Mystery Mailbag."" 1963 Book One: Mystery Incorporated (April 1993).Image Comics.",52812,<a href='https://www.comics.org/issue/52812/'>52812</a>,Image;StillImage,image/jpeg,eng,,,image,/objects/cbp_009.jpg,/objects/small/cbp_009_sm.jpg,/objects/thumbs/cbp_009_th.jpg,
cbp_010,,Appendix: 1963 Book One: Mystery Incorporated (April 1993).Image Comics. ,,"Moore, Alan; Veitch, Rick; Gibbons, Dave",1993-04,Crystal Man Snap-Shot! Homage to the “Pin-Ups” from 1960s and later Marvel Comics.,appendix,pin-up,1963 Book One: Mystery Incorporated (April 1993).Image Comics.,52812,<a href='https://www.comics.org/issue/52812/'>52812</a>,Image;StillImage,image/jpeg,eng,,,image,/objects/cbp_010.jpg,/objects/small/cbp_010_sm.jpg,/objects/thumbs/cbp_010_th.jpg,
cbp_011,,Appendix: Fantastic Four Annual #1 (1963). Marvel Comics. ,,"Lee, Stan; Kirby, Jack",1963,"Questions and answers about the Fantastic Four, their powers, costumes, etc., with a section devoted to each of the four characters",appendix,reference,Fantastic Four Annual #1 (1963). Marvel Comics.,17360,<a href='https://www.comics.org/issue/17360/'>17360</a>,Image;StillImage,image/png,eng,,,image,/objects/cbp_011.png,/objects/small/cbp_011_sm.jpg,/objects/thumbs/cbp_011_th.jpg,
cbp_012,,Advertisement: Avengers #101 (July 1972). Marvel Comics. ,,,1972-07,"Advertisement recruiting “boys” to sell Grit, “America’s greatest family newspaper.”",advertisement,gender,Avengers #101 (July 1972). Marvel Comics.,25269,<a href='https://www.comics.org/issue/25269/'>25269</a>,Image;StillImage,image/jpeg,eng,,,image,/objects/cbp_012.jpg,/objects/small/cbp_012_sm.jpg,/objects/thumbs/cbp_012_th.jpg,
cbp_013,,Advertisement: Avengers #101 (July 1972). Marvel Comics. ,,,1972-07,Advertisement for Charles Atlas body-building products.,advertisement,comics; gender,Avengers #101 (July 1972). Marvel Comics.,25269,<a href='https://www.comics.org/issue/25269/'>25269</a>,Image;StillImage,image/jpeg,eng,,,image,/objects/cbp_013.jpg,/objects/small/cbp_013_sm.jpg,/objects/thumbs/cbp_013_th.jpg,
cbp_014,,Advertisement: Avengers #101 (July 1972). Marvel Comics. ,,,1972-07,Advertisement for mail-order electric guitar and amplifier.,advertisement,,Avengers #101 (July 1972). Marvel Comics.,25269,<a href='https://www.comics.org/issue/25269/'>25269</a>,Image;StillImage,image/jpeg,eng,,,compound_object,/objects/cbp_016.jpg,/objects/small/cbp_016_sm.jpg,/objects/thumbs/cbp_016_th.jpg,
cbp_015,cbp_014,Advertisement: Avengers #101 (July 1972). Marvel Comics. Full page.,Full page,,1972-07,Advertisement for mail-order electric guitar and amplifier. Full page.,advertisement,,Avengers #101 (July 1972). Marvel Comics.,25269,<a href='https://www.comics.org/issue/25269/'>25269</a>,Image;StillImage,image/jpeg,eng,,,image,/objects/cbp_015.jpg,/objects/small/cbp_015_sm.jpg,/objects/thumbs/cbp_015_th.jpg,
cbp_016,cbp_014,Advertisement: Avengers #101 (July 1972). Marvel Comics. Detail.,Detail,,1972-07,Advertisement for mail-order electric guitar and amplifier. Detail.,advertisement,,Avengers #101 (July 1972). Marvel Comics.,25269,<a href='https://www.comics.org/issue/25269/'>25269</a>,Image;StillImage,image/jpeg,eng,,,image,/objects/cbp_016.jpg,/objects/small/cbp_016_sm.jpg,/objects/thumbs/cbp_016_th.jpg,
cbp_017,,Correspondence: Avengers #101 (July 1972). Marvel Comics. ,,"Gill, Edward D.; Graham, Matt; Nelson, Erik C.; Randisi, Joseph, Jr.; Kupperberg, Paul",1972-07,“Avengers Assemble!” fan mail column.,correspondence,fandom; reader-contributed content,Avengers #101 (July 1972). Marvel Comics.,25269,<a href='https://www.comics.org/issue/25269/'>25269</a>,Image;StillImage,image/jpeg,eng,,,image,/objects/cbp_017.jpg,/objects/small/cbp_017_sm.jpg,/objects/thumbs/cbp_017_th.jpg,
cbp_018,,Advertisement: Avengers #101 (July 1972). Marvel Comics. ,,,1972-07,Advertisement for Hypno-Coin hypnotism device.,advertisement,,Avengers #101 (July 1972). Marvel Comics.,25269,<a href='https://www.comics.org/issue/25269/'>25269</a>,Image;StillImage,image/jpeg,eng,,,compound_object,/objects/cbp_020.jpg,/objects/small/cbp_020_sm.jpg,/objects/thumbs/cbp_020_th.jpg,
cbp_019,cbp_018,Advertisement: Avengers #101 (July 1972). Marvel Comics. Full page.,Full page,,1972-07,Advertisement for Hypno-Coin hypnotism device.,advertisement,,Avengers #101 (July 1972). Marvel Comics.,25269,<a href='https://www.comics.org/issue/25269/'>25269</a>,Image;StillImage,image/jpeg,eng,,,image,/objects/cbp_019.jpg,/objects/small/cbp_019_sm.jpg,/objects/thumbs/cbp_019_th.jpg,
cbp_020,cbp_018,Advertisement: Avengers #101 (July 1972). Marvel Comics. Detail.,Detail,,1972-07,Advertisement for Hypno-Coin hypnotism device.,advertisement,,Avengers #101 (July 1972). Marvel Comics.,25269,<a href='https://www.comics.org/issue/25269/'>25269</a>,Image;StillImage,image/jpeg,eng,,,image,/objects/cbp_020.jpg,/objects/small/cbp_020_sm.jpg,/objects/thumbs/cbp_020_th.jpg,
cbp_021,,Solicitation: Adventure Comics #485 (September 1981). DC Comics. ,,,1981-09,"Solicitation to readers for “suggestions for heroes, heroines, villains, furniture, fashions &amp; story ideas” for Dial H for Hero.",solicitation,reader-contributed content,Adventure Comics #485 (September 1981). DC Comics.,35665,<a href='https://www.comics.org/issue/35665/'>35665</a>,Image;StillImage,image/jpeg,eng,,,image,/objects/cbp_021.jpg,/objects/small/cbp_021_sm.jpg,/objects/thumbs/cbp_021_th.jpg,
cbp_022,,Advertisement: It Aint Me Babe Comix (July 1970). Last Gasp. ,,"Robbins, Trina; Kurtzman, Meredith; Mendes, Barbara; Robinson, Michelle; Lyons, Lisa; Burton, Nancy; Kalish, Carole",1970-07,"Advertisement for catalog of “underground comix, ecology fact file series, and children’s liberation coloring book.”",advertisement,,It Aint Me Babe Comix (July 1970). Last Gasp.,277024,<a href='https://www.comics.org/issue/277024/'>277024</a>,Image;StillImage,image/jpeg,eng,,,image,/objects/cbp_022.jpg,/objects/small/cbp_022_sm.jpg,/objects/thumbs/cbp_022_th.jpg,Carole Kalish identified as just Carole in comic. Got surname from wikipedia.
cbp_023,,Intertitle: Miss America #64 (June 1954). Marvel Comics. ,,"Weiss, Morris",1954-06,Intertitle “Patsy Walker” for Patsy Walker story within Miss America comic book.,intertitle,,Miss America #64 (June 1954). Marvel Comics.,210148,<a href='https://www.comics.org/issue/210148/'>210148</a>,Image;StillImage,image/jpeg,eng,,,compound_object,/objects/cbp_025.jpg,/objects/small/cbp_025_sm.jpg,/objects/thumbs/cbp_025_th.jpg,
cbp_024,cbp_023,Intertitle: Miss America #64 (June 1954). Marvel Comics. Full page.,Full page,"Weiss, Morris",1954-06,Intertitle “Patsy Walker” for Patsy Walker story within Miss America comic book.,intertitle,,Miss America #64 (June 1954). Marvel Comics.,210148,<a href='https://www.comics.org/issue/210148/'>210148</a>,Image;StillImage,image/jpeg,eng,,,image,/objects/cbp_024.jpg,/objects/small/cbp_024_sm.jpg,/objects/thumbs/cbp_024_th.jpg,
cbp_025,cbp_023,Intertitle: Miss America #64 (June 1954). Marvel Comics. Detail.,Detail,"Weiss, Morris",1954-06,Intertitle “Patsy Walker” for Patsy Walker story within Miss America comic book.,intertitle,,Miss America #64 (June 1954). Marvel Comics.,210148,<a href='https://www.comics.org/issue/210148/'>210148</a>,Image;StillImage,image/jpeg,eng,,,image,/objects/cbp_025.jpg,/objects/small/cbp_025_sm.jpg,/objects/thumbs/cbp_025_th.jpg,
cbp_026,,Advertisement: Miss America #64 (June 1954). Marvel Comics. ,,,1954-06,"Advertisement recruiting children to sell “Cloverine brand salve,” from the Wilson Chemical Co., for “cash! or premiums!”",advertisement,comics,Miss America #64 (June 1954). Marvel Comics.,210148,<a href='https://www.comics.org/issue/210148/'>210148</a>,Image;StillImage,image/jpeg,eng,,,image,/objects/cbp_026.jpg,/objects/small/cbp_026_sm.jpg,/objects/thumbs/cbp_026_th.jpg,
cpb_027,,Note: Adventure Comics #485 (September 1981). DC Comics. ,,,1981-09,Note crediting creator of reader-submitted character.,note,reader-contributed content,Adventure Comics #485 (September 1981). DC Comics.,35665,<a href='https://www.comics.org/issue/35665/'>35665</a>,Image;StillImage,image/jpeg,eng,,,compound_object,/objects/cbp_030.jpg,/objects/small/cbp_030_sm.jpg,/objects/thumbs/cbp_030_th.jpg,
cbp_028,cpb_027,Note: Adventure Comics #485 (September 1981). DC Comics. Full page.,Full page,,1981-09,Note crediting creator of reader-submitted character.,note,,Adventure Comics #485 (September 1981). DC Comics.,35665,<a href='https://www.comics.org/issue/35665/'>35665</a>,Image;StillImage,image/jpeg,eng,,,image,/objects/cbp_028.jpg,/objects/small/cbp_028_sm.jpg,/objects/thumbs/cbp_028_th.jpg,
cbp_029,cpb_027,Note: Adventure Comics #485 (September 1981). DC Comics. Detail.,Detail,,1981-09,Note crediting creator of reader-submitted character.,note,,Adventure Comics #485 (September 1981). DC Comics.,35665,<a href='https://www.comics.org/issue/35665/'>35665</a>,Image;StillImage,image/jpeg,eng,,,image,/objects/cbp_029.jpg,/objects/small/cbp_029_sm.jpg,/objects/thumbs/cbp_029_th.jpg,
cbp_030,cpb_027,Note: Adventure Comics #485 (September 1981). DC Comics. Detail.,Detail,,1981-09,Note crediting creator of reader-submitted character.,note,,Adventure Comics #485 (September 1981). DC Comics.,35665,<a href='https://www.comics.org/issue/35665/'>35665</a>,Image;StillImage,image/jpeg,eng,,,image,/objects/cbp_030.jpg,/objects/small/cbp_030_sm.jpg,/objects/thumbs/cbp_030_th.jpg,
cbp_031,,Advertisement: Adventure Comics #485 (September 1981). DC Comics. ,,,1981-09,Advertisement for ICEE Bear Club.,advertisement,,Adventure Comics #485 (September 1981). DC Comics.,35665,<a href='https://www.comics.org/issue/35665/'>35665</a>,Image;StillImage,image/jpeg,eng,,,image,/objects/cbp_031.jpg,/objects/small/cbp_031_sm.jpg,/objects/thumbs/cbp_031_th.jpg,
cbp_032,,Advertisement: Marvel Spotlight #20 (February 1975). Marvel Comics. ,,,1975-02,Advertisement for Origins of Marvel comics and the Mighty Marvel Calendar for 1975 from Simon and Schuster.,advertisement,publisher advertisement,Marvel Spotlight #20 (February 1975). Marvel Comics.,28259,<a href='https://www.comics.org/issue/28259/'>28259</a>,Image;StillImage,image/jpeg,eng,,,image,/objects/cbp_032.jpg,/objects/small/cbp_032_sm.jpg,/objects/thumbs/cbp_032_th.jpg,
cbp_033,,Correspondence: “Spotlight Mail.” Marvel Spotlight #20 (February 1975). Marvel Comics. ,,"Duffy, Mary Jo; Roman, Bob; Morton, Lisa",1975-02,“Spotlight Mail” fan mail column.,correspondence,fandom; reader-contributed content,“Spotlight Mail.” Marvel Spotlight #20 (February 1975). Marvel Comics.,28259,<a href='https://www.comics.org/issue/28259/'>28259</a>,Image;StillImage,image/jpeg,eng,,,image,/objects/cbp_033.jpg,/objects/small/cbp_033_sm.jpg,/objects/thumbs/cbp_033_th.jpg,
cbp_034,,Advertisement: Marvel Spotlight #20 (February 1975). Marvel Comics. ,,,1975-02,"Advertisement for Gold Crown and Tank Trap games from Helen of Toy, Co.",advertisement,,Marvel Spotlight #20 (February 1975). Marvel Comics.,28259,<a href='https://www.comics.org/issue/28259/'>28259</a>,Image;StillImage,image/jpeg,eng,,,image,/objects/cbp_034.jpg,/objects/small/cbp_034_sm.jpg,/objects/thumbs/cbp_034_th.jpg,
cbp_035,,Note: Marvel Spotlight #20 (February 1975). Marvel Comics. ,,"Gerber, Steve",1975-02,Note on the first appearance of the Legion of Nihilists.,note,,Marvel Spotlight #20 (February 1975). Marvel Comics.,28259,<a href='https://www.comics.org/issue/28259/'>28259</a>,Image;StillImage,image/jpeg,eng,,,compound_object,/objects/cbp_038.jpg,/objects/small/cbp_038_sm.jpg,/objects/thumbs/cbp_038_th.jpg,
cbp_036,cbp_035,Note: Marvel Spotlight #20 (February 1975). Marvel Comics. Full page.,Full page,"Gerber, Steve",1975-02,Note on the first appearance of the Legion of Nihilists.,note,,Marvel Spotlight #20 (February 1975). Marvel Comics.,28259,<a href='https://www.comics.org/issue/28259/'>28259</a>,Image;StillImage,image/jpeg,eng,,,image,/objects/cbp_036.jpg,/objects/small/cbp_036_sm.jpg,/objects/thumbs/cbp_036_th.jpg,
cbp_037,cbp_035,Note: Marvel Spotlight #20 (February 1975). Marvel Comics. Detail.,Detail,"Gerber, Steve",1975-02,Note on the first appearance of the Legion of Nihilists.,note,,Marvel Spotlight #20 (February 1975). Marvel Comics.,28259,<a href='https://www.comics.org/issue/28259/'>28259</a>,Image;StillImage,image/jpeg,eng,,,image,/objects/cbp_037.jpg,/objects/small/cbp_037_sm.jpg,/objects/thumbs/cbp_037_th.jpg,
cbp_038,cbp_035,Note: Marvel Spotlight #20 (February 1975). Marvel Comics. Detail.,Detail,"Gerber, Steve",1975-02,Note on the first appearance of the Legion of Nihilists.,note,,Marvel Spotlight #20 (February 1975). Marvel Comics.,28259,<a href='https://www.comics.org/issue/28259/'>28259</a>,Image;StillImage,image/jpeg,eng,,,image,/objects/cbp_038.jpg,/objects/small/cbp_038_sm.jpg,/objects/thumbs/cbp_038_th.jpg,
cbp_039,,Note: Daredevil #36 (January 1968). Marvel Comics. ,,"Lee, Stan",1968-01,Note referring to events in Fantastic Four #40. ,note,,Daredevil #36 (January 1968). Marvel Comics.,21592,<a href='https://www.comics.org/issue/21592/'>21592</a>,Image;StillImage,image/jpeg,eng,,,compound_object,/objects/cbp_042.jpg,/objects/small/cbp_042_sm.jpg,/objects/thumbs/cbp_042_th.jpg,
cbp_040,cbp_039,Note: Daredevil #36 (January 1968). Marvel Comics. Full page.,Full page,"Lee, Stan",1968-01,Note referring to events in Fantastic Four #40. ,note,,Daredevil #36 (January 1968). Marvel Comics.,21592,<a href='https://www.comics.org/issue/21592/'>21592</a>,Image;StillImage,image/jpeg,eng,,,image,/objects/cbp_040.jpg,/objects/small/cbp_040_sm.jpg,/objects/thumbs/cbp_040_th.jpg,
cbp_041,cbp_039,Note: Daredevil #36 (January 1968). Marvel Comics. Detail.,Detail,"Lee, Stan",1968-01,Note referring to events in Fantastic Four #40. ,note,,Daredevil #36 (January 1968). Marvel Comics.,21592,<a href='https://www.comics.org/issue/21592/'>21592</a>,Image;StillImage,image/jpeg,eng,,,image,/objects/cbp_041.jpg,/objects/small/cbp_041_sm.jpg,/objects/thumbs/cbp_041_th.jpg,
cbp_042,cbp_039,Note: Daredevil #36 (January 1968). Marvel Comics. Detail.,Detail,"Lee, Stan",1968-01,Note referring to events in Fantastic Four #40. ,note,,Daredevil #36 (January 1968). Marvel Comics.,21592,<a href='https://www.comics.org/issue/21592/'>21592</a>,Image;StillImage,image/jpeg,eng,,,image,/objects/cbp_042.jpg,/objects/small/cbp_042_sm.jpg,/objects/thumbs/cbp_042_th.jpg,
cbp_043,,Publisher’s peritext: “Marvel Bullpen Bulletins.” Daredevil #36 (January 1968). Marvel Comics. ,,,1968-01,News items; Stan's Soapbox; The Mighty Marvel Checklist; Merry Marvel Marching Society members,publisher’s peritext,fandom; news,“Marvel Bullpen Bulletins.” Daredevil #36 (January 1968). Marvel Comics.,21592,<a href='https://www.comics.org/issue/21592/'>21592</a>,Image;StillImage,image/jpeg,eng,,,image,/objects/cbp_043.jpg,/objects/small/cbp_043_sm.jpg,/objects/thumbs/cbp_043_th.jpg,
cbp_044,,Cover; table of contents: Superman’s Pal Jimmy Olsen #122 (August-September 1969). DC Comics. ,,,1969-08,"Tables of contents listing stories for issue. The interior includes a traditional table of contents, but the cover also functions as an illustrated table of contents with details about four of the seven stories listed in the interior table.",cover; table of contents,,Superman’s Pal Jimmy Olsen #122 (August-September 1969). DC Comics.,22984,<a href='https://www.comics.org/issue/22984/'>22984</a>,Image;StillImage,image/jpeg,eng,,,compound_object,/objects/cbp_046.jpg,/objects/small/cbp_046_sm.jpg,/objects/thumbs/cbp_046_th.jpg,
cbp_045,cbp_044,Table of contents: Superman’s Pal Jimmy Olsen #122 (August-September 1969). DC Comics. ,,,1969-08,"Tables of contents listing stories for issue. The interior includes a traditional table of contents, but the cover also functions as an illustrated table of contents with details about four of the seven stories listed in the interior table.",table of contents,,Superman’s Pal Jimmy Olsen #122 (August-September 1969). DC Comics.,22984,<a href='https://www.comics.org/issue/22984/'>22984</a>,Image;StillImage,image/jpeg,eng,,,image,/objects/cbp_045.jpg,/objects/small/cbp_045_sm.jpg,/objects/thumbs/cbp_045_th.jpg,
cbp_046,cbp_044,Cover; table of contents: Superman’s Pal Jimmy Olsen #122 (August-September 1969). DC Comics. ,,,1969-08,"Tables of contents listing stories for issue. The interior includes a traditional table of contents, but the cover also functions as an illustrated table of contents with details about four of the seven stories listed in the interior table.",cover; table of contents,,Superman’s Pal Jimmy Olsen #122 (August-September 1969). DC Comics.,22984,<a href='https://www.comics.org/issue/22984/'>22984</a>,Image;StillImage,image/jpeg,eng,,,image,/objects/cbp_046.jpg,/objects/small/cbp_046_sm.jpg,/objects/thumbs/cbp_046_th.jpg,
cbp_047,,"Correspondence: ""Let’s Level with Daredevil.” Daredevil #36 (January 1968). Marvel comics. ",,,1968-01,“Let’s Level with Daredevil” fan mail column.,correspondence,fandom; reader-contributed content,"""Let’s Level with Daredevil.” Daredevil #36 (January 1968). Marvel comics.",21592,<a href='https://www.comics.org/issue/21592/'>21592</a>,Image;StillImage,image/jpeg,eng,,,image,/objects/cbp_047.jpg,/objects/small/cbp_047_sm.jpg,/objects/thumbs/cbp_047_th.jpg,
cbp_048,,Publisher’s peritext: “Marvel Bullpen Bulletins.” Marvel Spotlight #20 (February 1975). Marvel Comics. ,,,1975-02,Stan Lee’s Soapbox; news items; advertisement,publisher’s peritext,,“Marvel Bullpen Bulletins.” Marvel Spotlight #20 (February 1975). Marvel Comics.,28259,<a href='https://www.comics.org/issue/28259/'>28259</a>,Image;StillImage,image/jpeg,eng,,,image,/objects/cbp_048.jpg,/objects/small/cbp_048_sm.jpg,/objects/thumbs/cbp_048_th.jpg,
cbp_049,,Advertisement: “Bullseye is finally here.” E-Man #9 (July 1975). Charlton Publications. ,,,1975-07,"“Bullseye is finally here,” advertisement for The Charlton Bullseye prozine with mail-in form for subscriptions to Charlton comics.",advertisement,publisher advertisement,“Bullseye is finally here.” E-Man #9 (July 1975). Charlton Publications.,28724,<a href='https://www.comics.org/issue/28724/'>28724</a>,Image;StillImage,image/jpeg,eng,,,image,/objects/cbp_049.jpg,/objects/small/cbp_049_sm.jpg,/objects/thumbs/cbp_049_th.jpg,
cbp_050,,Correspondence: “E-Mail.” E-Man #9 (July 1975). Charlton Publications. ,,,1975-07,“E-Mail” fan mail column.,correspondence,fandom; reader-contributed content,“E-Mail.” E-Man #9 (July 1975). Charlton Publications.,28724,<a href='https://www.comics.org/issue/28724/'>28724</a>,Image;StillImage,image/jpeg,eng,,,image,/objects/cbp_050.jpg,/objects/small/cbp_050_sm.jpg,/objects/thumbs/cbp_050_th.jpg,
cbp_051,,Contents from Gérard Genette’s Paratexts: Thresholds of interpretation.,,"Genette, Gérard",1997,"The “Contents” from Gérard Genette’s <cite>Paratexts</cite>, which serves also as a taxonomy of paratexts, listing the various types of paratexts identified by Genette.",table of contents,,"Genette, G. (1997). Contents. In J. E. Lewin (Trans.), <cite>Paratexts: Thresholds of Interpretation</cite> (pp. vii-x). Cambridge UP.",,,Text,application/pdf,eng,,,pdf,/objects/cbp_051.pdf,/objects/small/cbp_051_sm.jpg,/objects/thumbs/cbp_051_th.jpg,
cbp_052,,Advertisement: “Honor House Products.” Dennis the Menace and His Friends Series #10 (June 1971). Fawcett Publications. ,,,1971-06,Advertisement for Honor House Products Corporation novelties.,advertisement,,“Honor House Products.” Dennis the Menace and His Friends Series #10 (June 1971). Fawcett Publications.,132473,<a href='https://www.comics.org/issue/132473/'>132473</a>,Image;StillImage,image/jpeg,eng,,,compound_object,/objects/cbp_054.jpg,/objects/small/cbp_054_sm.jpg,/objects/thumbs/cbp_054_th.jpg,
cbp_053,cbp_052,Advertisement: “Honor House Products.” Dennis the Menace and His Friends Series #10 (June 1971). Fawcett Publications. Full page.,Full page,,1971-06,Advertisement for Honor House Products Corporation novelties.,advertisement,,“Honor House Products.” Dennis the Menace and His Friends Series #10 (June 1971). Fawcett Publications.,132473,<a href='https://www.comics.org/issue/132473/'>132473</a>,Image;StillImage,image/jpeg,eng,,,image,/objects/cbp_053.jpg,/objects/small/cbp_053_sm.jpg,/objects/thumbs/cbp_053_th.jpg,
cbp_054,cbp_052,Advertisement: “Honor House Products.” Dennis the Menace and His Friends Series #10 (June 1971). Fawcett Publications. Detail.,Detail,,1971-06,Advertisement for Honor House Products Corporation novelties.,advertisement,,“Honor House Products.” Dennis the Menace and His Friends Series #10 (June 1971). Fawcett Publications.,132473,<a href='https://www.comics.org/issue/132473/'>132473</a>,Image;StillImage,image/jpeg,eng,,,image,/objects/cbp_054.jpg,/objects/small/cbp_054_sm.jpg,/objects/thumbs/cbp_054_th.jpg,
cbp_055,,Advertisement: “Johnson Smith Co.” Little Dot Dotland #57 (April 1973). Harvey Publications. ,,,1973-04,Advertisement for Johnson Smith Company novelties.,advertisement,,“Johnson Smith Co.” Little Dot Dotland #57 (April 1973). Harvey Publications.,221136,<a href='https://www.comics.org/issue/221136/'>221136</a>,Image;StillImage,image/jpeg,eng,,,image,/objects/cbp_055.jpg,/objects/small/cbp_055_sm.jpg,/objects/thumbs/cbp_055_th.jpg,
cbp_056,,Advertisement: “Josie and Fruit Pies in ‘Poor Dumb Thing.’” Pep #325 (May 1977).  ,,,1977-05,Advertisement for Hostess fruit pies,advertisement,comics,“Josie and Fruit Pies in ‘Poor Dumb Thing.’” Pep #325 (May 1977). ,172827,<a href='https://www.comics.org/issue/172827/'>172827</a>,Image;StillImage,image/jpeg,eng,,,image,/objects/cbp_056.jpg,/objects/small/cbp_056_sm.jpg,/objects/thumbs/cbp_056_th.jpg,
cbp_057,,Publisher’s peritext: “Archie Club News.” Pep #325 (May 1977). ,,,1977-05,"Fan club news, with letters from members and a from to enroll in the club.",publisher’s peritext,fandom,“Archie Club News.” Pep #325 (May 1977).,172827,<a href='https://www.comics.org/issue/172827/'>172827</a>,Image;StillImage,image/jpeg,eng,,,image,/objects/cbp_057.jpg,/objects/small/cbp_057_sm.jpg,/objects/thumbs/cbp_057_th.jpg,
cbp_058,,Advertisement: “Sea-Monkeys.” Pep #325 (May 1977). ,,,1977-05,Advertisement for “Sea-Monkeys.”,advertisement,,“Sea-Monkeys.” Pep #325 (May 1977).,172827,<a href='https://www.comics.org/issue/172827/'>172827</a>,Image;StillImage,image/jpeg,eng,,,image,/objects/cbp_058.jpg,/objects/small/cbp_058_sm.jpg,/objects/thumbs/cbp_058_th.jpg,
cbp_059,,Advertisement: “Merry Marvel Marching Society.” Daredevil #36 (January 1968). Marvel Comics. ,,,1968-01,Advertisement for Merry Marvel Marching Society Fan Club,advertisement,fandom,“Merry Marvel Marching Society.” Daredevil #36 (January 1968). Marvel Comics.,21592,<a href='https://www.comics.org/issue/21592/'>21592</a>,Image;StillImage,image/jpeg,eng,,,image,/objects/cbp_059.jpg,/objects/small/cbp_059_sm.jpg,/objects/thumbs/cbp_059_th.jpg,
cbp_060,,Name of author: Credits. Fantastic Four #31 (October 1964). Marvel Comics. ,,,1964-10,Credits with names and roles of creators.,name of author,,Credits. Fantastic Four #31 (October 1964). Marvel Comics.,18694,<a href='https://www.comics.org/issue/18694/'>18694</a>,Image;StillImage,image/jpeg,eng,,,compound_object,/objects/cbp_062.jpg,/objects/small/cbp_062_sm.jpg,/objects/thumbs/cbp_062_th.jpg,
cbp_061,cbp_060,Name of author: Credits. Fantastic Four #31 (October 1964). Marvel Comics. Full page.,Full page,,1964-10,Credits with names and roles of creators.,name of author,,Credits. Fantastic Four #31 (October 1964). Marvel Comics.,18694,<a href='https://www.comics.org/issue/18694/'>18694</a>,Image;StillImage,image/jpeg,eng,,,image,/objects/cbp_061.jpg,/objects/small/cbp_061_sm.jpg,/objects/thumbs/cbp_061_th.jpg,
cbp_062,cbp_060,Name of author: Credits. Fantastic Four #31 (October 1964). Marvel Comics. Detail.,Detail,,1964-10,Credits with names and roles of creators.,name of author,,Credits. Fantastic Four #31 (October 1964). Marvel Comics.,18694,<a href='https://www.comics.org/issue/18694/'>18694</a>,Image;StillImage,image/jpeg,eng,,,image,/objects/cbp_062.jpg,/objects/small/cbp_062_sm.jpg,/objects/thumbs/cbp_062_th.jpg,
cbp_063,,Appendix: “A Marvel Masterwork Pin-Up.” Fantastic Four #34 (January 1965). Marvel Comics. ,,,1965-01,“Pin-up” illustration following main feature.,appendix,,“A Marvel Masterwork Pin-Up.” Fantastic Four #34 (January 1965). Marvel Comics.,18902,<a href='https://www.comics.org/issue/18902/'>18902</a>,Image;StillImage,image/jpeg,eng,,,image,/objects/cbp_063.jpg,/objects/small/cbp_063_sm.jpg,/objects/thumbs/cbp_063_th.jpg,
cbp_064,,Name of author: Credits. Fantastic Four #54 (December 1966). Marvel Comics. ,,,1966-12,Credits with names and roles of creators.,name of author,,Credits. Fantastic Four #54 (December 1966). Marvel Comics.,20598,<a href='https://www.comics.org/issue/20598/'>20598</a>,Image;StillImage,image/jpeg,eng,,,compound_object,/objects/cbp_066.jpg,/objects/small/cbp_066_sm.jpg,/objects/thumbs/cbp_066_th.jpg,
cbp_065,cbp_064,Name of author: Credits. Fantastic Four #54 (December 1966). Marvel Comics. Full page.,Full page,,1966-12,Credits with names and roles of creators.,name of author,,Credits. Fantastic Four #54 (December 1966). Marvel Comics.,20598,<a href='https://www.comics.org/issue/20598/'>20598</a>,Image;StillImage,image/jpeg,eng,,,image,/objects/cbp_065.jpg,/objects/small/cbp_065_sm.jpg,/objects/thumbs/cbp_065_th.jpg,
cbp_066,cbp_064,Name of author: Credits. Fantastic Four #54 (December 1966). Marvel Comics. Detail.,Detail,,1966-12,Credits with names and roles of creators.,name of author,,Credits. Fantastic Four #54 (December 1966). Marvel Comics.,20598,<a href='https://www.comics.org/issue/20598/'>20598</a>,Image;StillImage,image/jpeg,eng,,,image,/objects/cbp_066.jpg,/objects/small/cbp_066_sm.jpg,/objects/thumbs/cbp_066_th.jpg,
cbp_067,,Dedication: Dedication. Strange Tales #181 (August 1975). Marvel Comics. ,,,1975-08,"Dedication to Steve Ditko: “This story is dedicated to Steve Ditko, who gave us all a different reality.”",dedication,,Dedication. Strange Tales #181 (August 1975). Marvel Comics.,28913,<a href='https://www.comics.org/issue/28913/'>28913</a>,Image;StillImage,image/jpeg,eng,,,compound_object,/objects/cbp_069.jpg,/objects/small/cbp_069_sm.jpg,/objects/thumbs/cbp_069_th.jpg,
cbp_068,cbp_067,Dedication: Dedication. Strange Tales #181 (August 1975). Marvel Comics. Full page.,Full page,,1975-08,"Dedication to Steve Ditko: “This story is dedicated to Steve Ditko, who gave us all a different reality.”",dedication,,Dedication. Strange Tales #181 (August 1975). Marvel Comics.,28913,<a href='https://www.comics.org/issue/28913/'>28913</a>,Image;StillImage,image/jpeg,eng,,,image,/objects/cbp_068.jpg,/objects/small/cbp_068_sm.jpg,/objects/thumbs/cbp_068_th.jpg,
cbp_069,cbp_067,Dedication: Dedication. Strange Tales #181 (August 1975). Marvel Comics. Detail.,Detail,,1975-08,"Dedication to Steve Ditko: “This story is dedicated to Steve Ditko, who gave us all a different reality.”",dedication,,Dedication. Strange Tales #181 (August 1975). Marvel Comics.,28913,<a href='https://www.comics.org/issue/28913/'>28913</a>,Image;StillImage,image/jpeg,eng,,,image,/objects/cbp_069.jpg,/objects/small/cbp_069_sm.jpg,/objects/thumbs/cbp_069_th.jpg,
cbp_070,,Table of contents: Table of Contents. Savage Sword of Conan #14 (September 1976). Marvel Comics. ,,,1976-09,Table of Contents,table of contents,,Table of Contents. Savage Sword of Conan #14 (September 1976). Marvel Comics.,30228,<a href='https://www.comics.org/issue/30228/'>30228</a>,Image;StillImage,image/jpeg,eng,,,image,/objects/cbp_070.jpg,/objects/small/cbp_070_sm.jpg,/objects/thumbs/cbp_070_th.jpg,
cbp_071,,"Appendix: “The Hyperborian Age of Conan Circa 10,000 B.C.: From a map prepared by Robert E. Howard.” Savage Sword of Conan #14 (September 1976). Marvel Comics. ",,,1976-09,"“The Hyperborian Age of Conan Circa 10,000 B.C.: From a map prepared by Robert E. Howard.”",appendix,maps; reference,"“The Hyperborian Age of Conan Circa 10,000 B.C.: From a map prepared by Robert E. Howard.” Savage Sword of Conan #14 (September 1976). Marvel Comics.",30228,<a href='https://www.comics.org/issue/30228/'>30228</a>,Image;StillImage,image/jpeg,eng,,,image,/objects/cbp_071.jpg,/objects/small/cbp_071_sm.jpg,/objects/thumbs/cbp_071_th.jpg,
cbp_072,,Appendix: “A King Kull Glossary.” Savage Sword of Conan #14 (September 1976). Marvel Comics. ,,,1976-09,Glossary and map about Rober E. Howard’s creation King Kull,appendix,maps; reference,“A King Kull Glossary.” Savage Sword of Conan #14 (September 1976). Marvel Comics.,30228,<a href='https://www.comics.org/issue/30228/'>30228</a>,Image;StillImage,image/jpeg,eng,,,compound_object,/objects/cbp_073.jpg,/objects/small/cbp_073_sm.jpg,/objects/thumbs/cbp_073_th.jpg,
cbp_073,cbp_072,Appendix: “A King Kull Glossary.” Savage Sword of Conan #14 (September 1976). Marvel Comics. ,,,1976-09,Glossary and map about Rober E. Howard’s creation King Kull,appendix,maps; reference,“A King Kull Glossary.” Savage Sword of Conan #14 (September 1976). Marvel Comics.,30228,<a href='https://www.comics.org/issue/30228/'>30228</a>,Image;StillImage,image/jpeg,eng,,,image,/objects/cbp_073.jpg,/objects/small/cbp_073_sm.jpg,/objects/thumbs/cbp_073_th.jpg,
cbp_074,cbp_072,Appendix: “A King Kull Glossary.” Savage Sword of Conan #14 (September 1976). Marvel Comics. ,,,1976-09,Glossary and map about Rober E. Howard’s creation King Kull,appendix,maps; reference,“A King Kull Glossary.” Savage Sword of Conan #14 (September 1976). Marvel Comics.,30228,<a href='https://www.comics.org/issue/30228/'>30228</a>,Image;StillImage,image/jpeg,eng,,,image,/objects/cbp_074.jpg,/objects/small/cbp_074_sm.jpg,/objects/thumbs/cbp_074_th.jpg,
cbp_075,cbp_072,Appendix: “A King Kull Glossary.” Savage Sword of Conan #14 (September 1976). Marvel Comics. ,,,1976-09,Glossary and map about Rober E. Howard’s creation King Kull,appendix,maps; reference,“A King Kull Glossary.” Savage Sword of Conan #14 (September 1976). Marvel Comics.,30228,<a href='https://www.comics.org/issue/30228/'>30228</a>,Image;StillImage,image/jpeg,eng,,,image,/objects/cbp_075.jpg,/objects/small/cbp_075_sm.jpg,/objects/thumbs/cbp_075_th.jpg,
cbp_076,cbp_072,Appendix: “A King Kull Glossary.” Savage Sword of Conan #14 (September 1976). Marvel Comics. ,,,1976-09,Glossary and map about Rober E. Howard’s creation King Kull,appendix,maps; reference,“A King Kull Glossary.” Savage Sword of Conan #14 (September 1976). Marvel Comics.,30228,<a href='https://www.comics.org/issue/30228/'>30228</a>,Image;StillImage,image/jpeg,eng,,,image,/objects/cbp_076.jpg,/objects/small/cbp_076_sm.jpg,/objects/thumbs/cbp_076_th.jpg,
cbp_077,cbp_072,Appendix: “A King Kull Glossary.” Savage Sword of Conan #14 (September 1976). Marvel Comics. ,,,1976-09,Glossary and map about Rober E. Howard’s creation King Kull,appendix,maps; reference,“A King Kull Glossary.” Savage Sword of Conan #14 (September 1976). Marvel Comics.,30228,<a href='https://www.comics.org/issue/30228/'>30228</a>,Image;StillImage,image/jpeg,eng,,,image,/objects/cbp_077.jpg,/objects/small/cbp_077_sm.jpg,/objects/thumbs/cbp_077_th.jpg,
cbp_078,,Correspondence: “Swords and Scrolls.” Savage Sword of Conan #14 (September 1976). Marvel Comics. ,,,1976-09,“Swords and Scrolls” fan mail column.,correspondence,fandom; reader-contributed content,“Swords and Scrolls.” Savage Sword of Conan #14 (September 1976). Marvel Comics.,30228,<a href='https://www.comics.org/issue/30228/'>30228</a>,Image;StillImage,image/jpeg,eng,,,compound_object,/objects/cbp_079.jpg,/objects/small/cbp_079_sm.jpg,/objects/thumbs/cbp_079_th.jpg,
cbp_079,cbp_078,Correspondence: “Swords and Scrolls.” Savage Sword of Conan #14 (September 1976). Marvel Comics. ,,,1976-09,“Swords and Scrolls” fan mail column.,correspondence,fandom; reader-contributed content,“Swords and Scrolls.” Savage Sword of Conan #14 (September 1976). Marvel Comics.,30228,<a href='https://www.comics.org/issue/30228/'>30228</a>,Image;StillImage,image/jpeg,eng,,,image,/objects/cbp_079.jpg,/objects/small/cbp_079_sm.jpg,/objects/thumbs/cbp_079_th.jpg,
cbp_080,cbp_078,Correspondence: “Swords and Scrolls.” Savage Sword of Conan #14 (September 1976). Marvel Comics. ,,,1976-09,“Swords and Scrolls” fan mail column.,correspondence,fandom; reader-contributed content,“Swords and Scrolls.” Savage Sword of Conan #14 (September 1976). Marvel Comics.,30228,<a href='https://www.comics.org/issue/30228/'>30228</a>,Image;StillImage,image/jpeg,eng,,,image,/objects/cbp_080.jpg,/objects/small/cbp_080_sm.jpg,/objects/thumbs/cbp_080_th.jpg,
cbp_081,,Advertisement: “Johnson Smith Co.” Savage Sword of Conan #14 (September 1976). Marvel Comics. ,,,1976-09,“Swords and Scrolls” fan mail column.,advertisement,,“Johnson Smith Co.” Savage Sword of Conan #14 (September 1976). Marvel Comics.,30228,<a href='https://www.comics.org/issue/30228/'>30228</a>,Image;StillImage,image/jpeg,eng,,,image,/objects/cbp_081.jpg,/objects/small/cbp_081_sm.jpg,/objects/thumbs/cbp_081_th.jpg,
cbp_082,,Afterword: Afterword. Marvel Preview #11 (1977). Marvel Comics. ,,,1977,“Afterword” by Chris Claremont to the preceding Starlord story by Claremont and John Byrn.,afterword,,Afterword. Marvel Preview #11 (1977). Marvel Comics.,31235,<a href='https://www.comics.org/issue/31235/'>31235</a>,Image;StillImage,image/jpeg,eng,,,image,/objects/cbp_082.jpg,/objects/small/cbp_082_sm.jpg,/objects/thumbs/cbp_082_th.jpg,
cbp_083,,Advertisement: “Second Annual Delaware Valley Comic Art Convention.” Savage Sword of Conan #24 (November 1977). Marvel Comics. ,,,1977-11,"Advertisement for the “Second Annual Delaware Valley Comic Art Convention,” November 18-20, 1977.",advertisement,fandom,“Second Annual Delaware Valley Comic Art Convention.” Savage Sword of Conan #24 (November 1977). Marvel Comics.,31657,<a href='https://www.comics.org/issue/31657/'>31657</a>,Image;StillImage,image/jpeg,eng,,,image,/objects/cbp_083.jpg,/objects/small/cbp_083_sm.jpg,/objects/thumbs/cbp_083_th.jpg,
cbp_084,,Editorial: Editorial. Howard the Duck #6 (July 1980). Marvel Comics. ,,,1980-07,Brief editorial by Editor Lynn Graeme introducing Howard the Duck #6.,editorial,,Editorial. Howard the Duck #6 (July 1980). Marvel Comics.,34559,<a href='https://www.comics.org/issue/34559/'>34559</a>,Image;StillImage,image/jpeg,eng,,,image,/objects/cbp_084.jpg,/objects/small/cbp_084_sm.jpg,/objects/thumbs/cbp_084_th.jpg,
cbp_085,,Publisher’s peritext: Justice Society of America #4 (July 2023). DC Comics. ,,,2023-07,"Memorial for comics creator Rachel Pollack, 1945-2023. Includes quote from Pollack: “Good-bye, my friends. Remember me. Remember all our sweet years together. Remember me in the Dream Patrol. Remember.”",publisher’s peritext,in memoriam,Justice Society of America #4 (July 2023). DC Comics.,2532417,<a href='https://www.comics.org/issue/2532417/'>2532417</a>,Image;StillImage,image/jpeg,eng,,,image,/objects/cbp_085.jpg,/objects/small/cbp_085_sm.jpg,/objects/thumbs/cbp_085_th.jpg,
cbp_086,,Advertisement: Justice Society of America #4 (July 2023). DC Comics. ,,,2023-07,"Advertisement for the 2023 film, The Flash.",advertisement,,Justice Society of America #4 (July 2023). DC Comics.,2532417,<a href='https://www.comics.org/issue/2532417/'>2532417</a>,Image;StillImage,image/jpeg,eng,,,image,/objects/cbp_086.jpg,/objects/small/cbp_086_sm.jpg,/objects/thumbs/cbp_086_th.jpg,
cbp_087,,Publisher’s peritext: “DC Nation.” Justice Society of America #4 (July 2023). DC Comics. ,,,2023-07,“DC Nation” news/preview of forthcoming Titans #1.,publisher’s peritext,news,“DC Nation.” Justice Society of America #4 (July 2023). DC Comics.,2532417,<a href='https://www.comics.org/issue/2532417/'>2532417</a>,Image;StillImage,image/jpeg,eng,,,image,/objects/cbp_087.jpg,/objects/small/cbp_087_sm.jpg,/objects/thumbs/cbp_087_th.jpg,
cbp_088,,Advertisement: Justice Society of America #4 (July 2023). DC Comics. ,,,2023-07,Advertisement for DC Comics’ DC Pride 2023 anthology.,advertisement,,Justice Society of America #4 (July 2023). DC Comics.,2532417,<a href='https://www.comics.org/issue/2532417/'>2532417</a>,Image;StillImage,image/jpeg,eng,,,image,/objects/cbp_088.jpg,/objects/small/cbp_088_sm.jpg,/objects/thumbs/cbp_088_th.jpg,
cbp_089,,"Cover: Kamandi, The Last Boy On Earth #11 (November 1973). DC Comics. ",,,1973-11,Cover to Kamandi #11,cover,,"Kamandi, The Last Boy On Earth #11 (November 1973). DC Comics.",26844,<a href='https://www.comics.org/issue/26844/'>26844</a>,Image;StillImage,image/jpeg,eng,,,image,/objects/cbp_089.jpg,/objects/small/cbp_089_sm.jpg,/objects/thumbs/cbp_089_th.jpg,
cbp_090,,"Intertitle: Kamandi, The Last Boy On Earth #11 (November 1973). DC Comics. ",,,1973-11,Intertitles (chapter headings) for Kamandi #11,intertitle,,"Kamandi, The Last Boy On Earth #11 (November 1973). DC Comics.",26844,<a href='https://www.comics.org/issue/26844/'>26844</a>,Image;StillImage,image/jpeg,eng,,,compound_object,/objects/cbp_092.jpg,/objects/small/cbp_092_sm.jpg,/objects/thumbs/cbp_092_th.jpg,
cbp_091,cbp_090,"Intertitle: Kamandi, The Last Boy On Earth #11 (November 1973). DC Comics. Full page.",Full page,,1973-11,Intertitle (Chapter heading for “Chapter 1”) for Kamandi #11.,intertitle,,"Kamandi, The Last Boy On Earth #11 (November 1973). DC Comics.",26844,<a href='https://www.comics.org/issue/26844/'>26844</a>,Image;StillImage,image/jpeg,eng,,,image,/objects/cbp_091.jpg,/objects/small/cbp_091_sm.jpg,/objects/thumbs/cbp_091_th.jpg,
cbp_092,cbp_090,"Intertitle: Kamandi, The Last Boy On Earth #11 (November 1973). DC Comics. Detail.",Detail,,1973-11,Intertitle (Chapter heading for “Chapter 1”) for Kamandi #11.,intertitle,,"Kamandi, The Last Boy On Earth #11 (November 1973). DC Comics.",26844,<a href='https://www.comics.org/issue/26844/'>26844</a>,Image;StillImage,image/jpeg,eng,,,image,/objects/cbp_092.jpg,/objects/small/cbp_092_sm.jpg,/objects/thumbs/cbp_092_th.jpg,
cbp_093,cbp_090,"Intertitle: Kamandi, The Last Boy On Earth #11 (November 1973). DC Comics. Full page.",Full page,,1973-11,Intertitle (Chapter heading for “Chapter 1”) for Kamandi #11.,intertitle,,"Kamandi, The Last Boy On Earth #11 (November 1973). DC Comics.",26844,<a href='https://www.comics.org/issue/26844/'>26844</a>,Image;StillImage,image/jpeg,eng,,,image,/objects/cbp_093.jpg,/objects/small/cbp_093_sm.jpg,/objects/thumbs/cbp_093_th.jpg,
cbp_094,cbp_090,"Intertitle: Kamandi, The Last Boy On Earth #11 (November 1973). DC Comics. Detail.",Detail,,1973-11,Intertitle (Chapter heading for “Chapter 1”) for Kamandi #11.,intertitle,,"Kamandi, The Last Boy On Earth #11 (November 1973). DC Comics.",26844,<a href='https://www.comics.org/issue/26844/'>26844</a>,Image;StillImage,image/jpeg,eng,,,image,/objects/cbp_094.jpg,/objects/small/cbp_094_sm.jpg,/objects/thumbs/cbp_094_th.jpg,
cbp_095,cbp_090,"Intertitle: Kamandi, The Last Boy On Earth #11 (November 1973). DC Comics. Full page.",Full page,,1973-11,Intertitle (Chapter heading for “Chapter 1”) for Kamandi #11.,intertitle,,"Kamandi, The Last Boy On Earth #11 (November 1973). DC Comics.",26844,<a href='https://www.comics.org/issue/26844/'>26844</a>,Image;StillImage,image/jpeg,eng,,,image,/objects/cbp_095.jpg,/objects/small/cbp_095_sm.jpg,/objects/thumbs/cbp_095_th.jpg,
cbp_096,cbp_090,"Intertitle: Kamandi, The Last Boy On Earth #11 (November 1973). DC Comics. Detail.",Detail,,1973-11,Intertitle (Chapter heading for “Chapter 1”) for Kamandi #11.,intertitle,,"Kamandi, The Last Boy On Earth #11 (November 1973). DC Comics.",26844,<a href='https://www.comics.org/issue/26844/'>26844</a>,Image;StillImage,image/jpeg,eng,,,image,/objects/cbp_096.jpg,/objects/small/cbp_096_sm.jpg,/objects/thumbs/cbp_096_th.jpg,
cbp_097,cbp_090,"Intertitle: Kamandi, The Last Boy On Earth #11 (November 1973). DC Comics. Full page.",Full page,,1973-11,Intertitle (Chapter heading for “Chapter 1”) for Kamandi #11.,intertitle,,"Kamandi, The Last Boy On Earth #11 (November 1973). DC Comics.",26844,<a href='https://www.comics.org/issue/26844/'>26844</a>,Image;StillImage,image/jpeg,eng,,,image,/objects/cbp_097.jpg,/objects/small/cbp_097_sm.jpg,/objects/thumbs/cbp_097_th.jpg,
cbp_098,cbp_090,"Intertitle: Kamandi, The Last Boy On Earth #11 (November 1973). DC Comics. Detail.",Detail,,1973-11,Intertitle (Chapter heading for “Chapter 1”) for Kamandi #11.,intertitle,,"Kamandi, The Last Boy On Earth #11 (November 1973). DC Comics.",26844,<a href='https://www.comics.org/issue/26844/'>26844</a>,Image;StillImage,image/jpeg,eng,,,image,/objects/cbp_098.jpg,/objects/small/cbp_098_sm.jpg,/objects/thumbs/cbp_098_th.jpg,
cbp_099,,"Publisher’s peritext: “Behind the Scenes at the DC Comic World.” Kamandi, The Last Boy On Earth #11 (November 1973). DC Comics. ",,"Levitz, Paul",1973-11,“Behind-the-scenes” column by Paul Levitz. This column includes brief pieces on the history of the Legion of Super-Heroes and on comics fans.,publisher’s peritext,fandom,"“Behind the Scenes at the DC Comic World.” Kamandi, The Last Boy On Earth #11 (November 1973). DC Comics.",26844,<a href='https://www.comics.org/issue/26844/'>26844</a>,Image;StillImage,image/jpeg,eng,,,image,/objects/cbp_099.jpg,/objects/small/cbp_099_sm.jpg,/objects/thumbs/cbp_099_th.jpg,
cbp_100,,"Correspondence: “The Time Capsule.” Kamandi, The Last Boy On Earth #11 (November 1973). DC Comics. ",,"Mier, Joe; Schooley, Tony; Tanner, Shawn O.; Rutman, David; Duling, Casey; Cooper, George",1973-11,“The Time Capsule” fan mail column.,correspondence,fandom; reader-contributed content,"“The Time Capsule.” Kamandi, The Last Boy On Earth #11 (November 1973). DC Comics.",26844,<a href='https://www.comics.org/issue/26844/'>26844</a>,Image;StillImage,image/jpeg,eng,,,image,/objects/cbp_100.jpg,/objects/small/cbp_100_sm.jpg,/objects/thumbs/cbp_100_th.jpg,
cbp_101,,Epigraph: Watchmen #7 (March 1987). DC Comics. ,,"Moore, Alan; Gibbons, Dave",1987-03,Epigraph with quotation from the book of Job for Watchmen #7.,epigraph,,Watchmen #7 (March 1987). DC Comics.,42595,<a href='https://www.comics.org/issue/42595/'>42595</a>,Image;StillImage,image/jpeg,eng,,,compound_object,/objects/cbp_103.jpg,/objects/small/cbp_103_sm.jpg,/objects/thumbs/cbp_103_th.jpg,
cbp_102,cbp_101,Epigraph: Watchmen #7 (March 1987). DC Comics. Full page.,Full page,"Moore, Alan; Gibbons, Dave",1987-03,Epigraph with quotation from the book of Job for Watchmen #7.,epigraph,,Watchmen #7 (March 1987). DC Comics.,42595,<a href='https://www.comics.org/issue/42595/'>42595</a>,Image;StillImage,image/jpeg,eng,,,image,/objects/cbp_102.jpg,/objects/small/cbp_102_sm.jpg,/objects/thumbs/cbp_102_th.jpg,
cbp_103,cbp_101,Epigraph: Watchmen #7 (March 1987). DC Comics. Detail.,Detail,"Moore, Alan; Gibbons, Dave",1987-03,Epigraph with quotation from the book of Job for Watchmen #7.,epigraph,,Watchmen #7 (March 1987). DC Comics.,42595,<a href='https://www.comics.org/issue/42595/'>42595</a>,Image;StillImage,image/jpeg,eng,,,image,/objects/cbp_103.jpg,/objects/small/cbp_103_sm.jpg,/objects/thumbs/cbp_103_th.jpg,
cbp_104,,Epigraph: Watchmen #10 (July 1987). DC Comics. ,,"Moore, Alan; Gibbons, Dave; Dylan, Bob",1987-07,Epigraph with quotation from Bob Dylan’s “All Along the Watchtower” for Watchmen #7.,epigraph,,Watchmen #10 (July 1987). DC Comics.,43067,<a href='https://www.comics.org/issue/43067/'>43067</a>,Image;StillImage,image/jpeg,eng,,,compound_object,/objects/cbp_106.jpg,/objects/small/cbp_106_sm.jpg,/objects/thumbs/cbp_106_th.jpg,
cbp_105,cbp_104,Epigraph: Watchmen #10 (July 1987). DC Comics. Full page.,Full page,"Moore, Alan; Gibbons, Dave; Dylan, Bob",1987-07,Epigraph with quotation from Bob Dylan’s “All Along the Watchtower” for Watchmen #7.,epigraph,,Watchmen #10 (July 1987). DC Comics.,43067,<a href='https://www.comics.org/issue/43067/'>43067</a>,Image;StillImage,image/jpeg,eng,,,image,/objects/cbp_105.jpg,/objects/small/cbp_105_sm.jpg,/objects/thumbs/cbp_105_th.jpg,
cbp_106,cbp_104,Epigraph: Watchmen #10 (July 1987). DC Comics. Detail.,Detail,"Moore, Alan; Gibbons, Dave; Dylan, Bob",1987-07,Epigraph with quotation from Bob Dylan’s “All Along the Watchtower” for Watchmen #7.,epigraph,,Watchmen #10 (July 1987). DC Comics.,43067,<a href='https://www.comics.org/issue/43067/'>43067</a>,Image;StillImage,image/jpeg,eng,,,image,/objects/cbp_106.jpg,/objects/small/cbp_106_sm.jpg,/objects/thumbs/cbp_106_th.jpg,
cbp_107,,Epigraph: Watchmen #11 (August 1987). DC Comics. ,,"Moore, Alan; Gibbons, Dave; Shelley, Percy Bysshe",1987-08,Epigraph with quotation from the Percy Bysshe Shelley’s “Ozymandias” for Watchmen #7.,epigraph,,Watchmen #11 (August 1987). DC Comics.,43201,<a href='https://www.comics.org/issue/43201/'>43201</a>,Image;StillImage,image/jpeg,eng,,,compound_object,/objects/cbp_109.jpg,/objects/small/cbp_109_sm.jpg,/objects/thumbs/cbp_109_th.jpg,
cbp_108,cbp_107,Epigraph: Watchmen #11 (August 1987). DC Comics. Full page.,Full page,"Moore, Alan; Gibbons, Dave; Shelley, Percy Bysshe",1987-08,Epigraph with quotation from the book of Job for Watchmen #7.,epigraph,,Watchmen #11 (August 1987). DC Comics.,43201,<a href='https://www.comics.org/issue/43201/'>43201</a>,Image;StillImage,image/jpeg,eng,,,image,/objects/cbp_108.jpg,/objects/small/cbp_108_sm.jpg,/objects/thumbs/cbp_108_th.jpg,
cbp_109,cbp_107,Epigraph: Watchmen #11 (August 1987). DC Comics. Detail.,Detail,"Moore, Alan; Gibbons, Dave; Shelley, Percy Bysshe",1987-08,Epigraph with quotation from the book of Job for Watchmen #7.,epigraph,,Watchmen #11 (August 1987). DC Comics.,43201,<a href='https://www.comics.org/issue/43201/'>43201</a>,Image;StillImage,image/jpeg,eng,,,image,/objects/cbp_109.jpg,/objects/small/cbp_109_sm.jpg,/objects/thumbs/cbp_109_th.jpg,